Date,Group
2009-08-02,BIG CX DEE FRE KRO LIT MID NAT OLI PAS PON PRI QUA RID WAB
2009-08-02,BEE CCU DEM LUG XX XX
2009-08-03,COO LAN SMO URC
2009-08-03,PLU RSP
2009-08-03,ASH LIN
2009-08-03,CZA RIC
2009-08-03,CZA ELW JAK PCT POO RIC SHT SLO TOL
2009-08-03,COM DEB JIM MOO OLI SMU TWI TYP
2009-08-04,XX XX
2009-08-04,AX AX AX DBO FLY RYD TOU URD
2009-08-04,XX XX XX XX XX XX XX XX XX XX XX XX XX
2009-08-04,XX XX XX XX XX
2009-08-04,ALT AX BUI CX KLE TAS
2009-08-04,AF CX XX XX XX
2009-08-04,XX XX XX XX
2009-08-04,XX XX XX
2009-08-05,AF CX MGG XX XX XX XX XX
2009-08-05,AF CHA CX JERONOMO XX XX XX XX
2009-08-05,BDY DBO FLY TAP TOU TUD
2009-08-05,BUI KEE TAS
2009-08-05,AF BAN CX XX XX
2009-08-06,DAG DEM FAR PLU RSP
2009-08-06,BNG GUM NOO SKYWARRIOR
2009-08-06,CHL XX
2009-08-06,AF CZA ELW JAK MOO RIC SEV TOQ
2009-08-06,BEE GRA PUB SKYWARRIOR SRY
2009-08-07,CLA CX GRI LAT VEE
2009-08-07,NAT PRI WAB
2009-08-07,CX MOZ SUP WYL
2009-08-07,CEB IMP MOG PON SLI
2009-08-08,COR LAN URC
2009-08-08,BOL CEB DEE IMP MOG OLI PAS SLI
2009-08-08,AF AF AF CX CX CX XX XX XX XX XX XX
2009-08-08,ARP BUI CX DEE JNG MDC MRY PAB SIS TAS
2009-08-11,BLY LIN
2009-08-11,AF BIG COR FRE NAT PRI RID WAB
2009-08-11,CEB DEE DNG IMP MOG PAS SLI
2009-08-12,COR KIY LAN SMO URC
2009-08-12,CZA ELW JAK OLI PCT POO RIC SHT TOL
2009-08-12,CZA ELW GRB JAK OLI PCT POO RIC SHT SVE TOL
2009-08-12,AF BAR BIG FRE NAT PRI RID WAB
2009-08-13,ASH CX MRL MYS NYM TAF WAC XX
2009-08-17,KIY LIC MOU PEG PIC PUC XX XX XX XX
2009-08-17,AF AF AF ATH CLO CX CX CX TRY XX XX XX
2009-08-17,AGA BTS CAK GHO GTO HAGBARD MUT NAP OLA PINCER PRD ROB SCM XX XX XX
2009-08-18,XX XX XX
2009-08-18,BNG GMP GRG GUM RAG VBE
2009-08-18,AF CZA ELW JAK OLI RIC SME TOQ
2009-08-18,BOL CEB COR DEE IMP MID MOG PAS PON QUA SLI
2009-08-19,XX XX XX XX
2009-08-19,TNT XX XX
2009-08-19,ARP BGL CX KEE SOG TAS
2009-08-20,BEE FUT PIC REA SRY XX
2009-08-20,AF CX XX XX
2009-08-20,XX XX
2009-08-20,AF AF AF CX CX CX
2009-08-22,BOL COR DEE PAS
2009-08-22,BLE CRV EDG JAF MAR MRS STI WYL XX
2009-08-22,AF BOL CEB COR DEE DNG IMP KRO MOG NAT NOG OLI PAS PON PRI QUA SLI WAB
2009-08-23,DZL FNS MCM VBL
2009-08-23,HAM SVD XX XX XX XX XX XX
2009-08-23,HAM JUP SVD XX XX
2009-08-23,EXF JLT
2009-08-28,XX XX XX
2009-08-28,BAR BIG FRE NAT PRI RID TRY WAB
2009-08-28,AF CX PEG XX XX XX
2009-08-28,RHO WHO XX XX
2009-08-28,AF AF CX PEG RHO XX XX XX XX
2009-09-02,PEG RHO XX XX
2009-09-02,BLI LUM
2009-09-04,CHL GRA XX
2009-09-04,ENC POS SEQ TAM
2009-09-04,COM COR GEG HRV JIM OLI PIR TYP
2009-09-10,BSS XX XX
2009-09-10,FUT KIY NAT PIC PRI PUC WAB XX XX XX XX XX
2009-09-10,KIY PEG PUC XX XX XX XX XX
2009-09-12,COM COR GEG HRV JIM OLI PIR TYP
2009-09-12,AX LIT ORI SPN
2009-09-14,PEG PUC SHC SKF WOF XX XX
2009-09-15,XX XX
2009-09-15,ALT DAN PED RNG TIG
2009-09-17,BGD CAK GHO GOV GRE LIT PRD TRM
2009-09-17,AX BLI CRV LIC RIP SKF VBE
2009-09-18,HIC JAS PHO XX XX XX XX XX XX XX XX
2009-09-18,AF BGD CX ORI SPN XX
2009-09-18,BGD XX XX XX XX XX XX XX XX XX XX XX
2009-09-18,COM COR GEG HVR JIM OLI PIR TYP
2009-09-20,CRV DEM GRI KRI LAT PIK SKF SOG TRY VEE WOF WOW
2009-09-21,DEE IMP PAS SHV SUR
2009-09-21,BAR BIG DNG FRE MID NAT NOG NOO PON PRI QUA RID WAB XX XXFOE
2009-09-21,BLE CRV CYA DOD GMP GRG LUM PHO SKYWARRIOR XX XX XX XX XX
2009-09-27,NAT NOO PRI WAB XX XX
2009-09-27,BLY CHL MRS XX XX XX
2009-09-27,AX SVD
2009-09-27,COR DEB DEM GEG HRV OLI PIR SMU TWI
2009-09-27,EDG XX XX XX
2009-09-27,CRV EDG GMP JAF LUM RIP STI TRY XX XX XX XX
2009-09-27,DAL LUG PUB XX
2009-09-27,BLY MRS
2009-09-27,XX
2009-09-27,HAM LNS SVD XX XX XX
2009-09-27,AF ELW JAK SEV TOQ
2009-09-27,AX BLO GRC JLT
2009-09-27,AF AF BOL CEB DEE MID PON QUA
2009-09-27,DNG IMP MOG PRI TRY
2010-07-13,ANT FLR GEK GUM JAS WOR
2010-07-13,ASH FAR MRS MYS RTB SAS SEQ SUM WAC XX
2010-07-13,CZA ELW JAK POO RIC SEV SMELT-LIKE
2010-07-13,BOL CEB PAS PEG
2010-07-15,GRI LAT VEE XX
2010-07-15,FRE RID
2010-07-15,BLI BOL CEB DEE DEM DNG IMP KRO MID MOG NAT NOG PAS PEG PON PRI QUA WAB
2010-07-15,CZA ELW GRB JAK PCT PHO POO RIC SMELT-LIKE TAL TOL
2010-07-15,DEB SMU TWI
2010-07-15,SEV TOQ XX
2010-07-16,BIG BLI COR FRE NAT NOO PRI RID SLI WAB XX
2010-07-16,RAG XX XX XX XX
2010-07-16,AF AF BLK CX CX PIL WAC XX XX
2010-07-16,BAK MYS
2010-07-16,BMB SUM
2010-07-16,JX JX
2010-07-16,BUD CEY INI LIC SHC SHV SUR XX XX
2010-07-20,BUD FUT INI PIC SHC SHV SKF XX
2010-07-20,CEB MID PAS PEG PON QUA
2010-07-20,DNG KRO NOG NOO XX
2010-07-20,COR EDG GEK GUM PHO SKYWARRIOR VBE XX
2010-07-20,POO TOL
2010-07-20,CZA ELW GRB JAK PCT POO RIC SLO TOL TOQ XX XX
2010-07-20,BIG BOL CEB FRE NOG PAS RID SLI
2010-07-20,MID PEG PON QUA
2010-07-24,MRS SRY
2010-07-24,BEE DAI ELW JAK RDF TUL
2010-07-24,BAD BTS FUF GHL TAW XX XX
2010-07-24,PUC XX XX
2010-07-25,FRE NAT PRI SLI WAB
2010-07-25,XX XX XX XX
2010-07-25,EXF JLT
2010-07-25,BLO GRC PLU RSP
2010-07-25,GNA MRL XX XX
2010-07-26,CLO CLO-CALF PGA POL RLL TUK
2010-07-26,GRIFFO NAP OLA XX XX XX
2010-07-26,BTS DUC GTO SPN
2010-07-26,ALL BRT CSH CX EVS GAR JOP MCU MSN RMN ZAN
2010-07-26,ARP KEE TAS
2010-07-28,ATH TRY XX
2010-07-28,CYA EDG MAR XX
2010-07-29,COR FLR GEK GUM JAS NOO VBE
2010-07-29,FRN OCT PLU RSP SLI
2010-07-29,CEB SEQ
2010-07-29,GEK GUM
2010-08-01,CZA MOO RIC
2010-08-02,APX XX ZEN
2010-08-02,BLO GRC PLU RSP SLI
2010-08-02,AF CX XX XX
2010-08-03,JX JX JX JX
2010-08-03,XX XX
2010-08-03,MZT SCH XX XX
2010-08-04,COR GEK GUM NOO
2010-08-04,AF AMHOC BEN CX KOB KSO LOBI LUG RANDY
2010-08-05,DEE IMP MOG OPE PHA
2010-08-05,CRV GEK GUM SKYWARRIOR VBE
2010-08-05,CZA GRB PCT POO RIC SMELT-LIKE TOL
2010-08-10,DAG LIN RTB SAS WAC XX
2010-08-10,SEQ TAM
2010-08-14,PUB SRY XX
2010-08-15,KWI SOG XX
2010-08-15,BSS LAN SMO URC
2010-08-16,AF AF CX CX XX
2010-08-16,PRE PRL XX XX XX XX XX
2010-08-16,BAD DOM MLG MNK
2010-08-18,DNG KRO NOG PEG
2010-08-18,BOL CEB IMP MOG
2010-08-18,BIG FRE RID SLI
2010-08-18,COR NOO OLI
2010-08-18,AMO ATH BNE BRE CLO COP DAM GHL LIT PGA POL RLL SHO TAW TUK WHR
2010-08-18,BTS GRIFFO NAP POU SCM XX XX
2010-08-18,CAK DUC GOV MUT PINCER PRD ROB SRV TRM XX
2010-08-18,MONTY MSA OLD XX XX XX
2010-08-18,EDG JAF MAR XX XX XX
2010-08-18,COM DAL JIM LUG OLI TYP
2010-08-19,ANT WOR
2010-08-19,BOM BYP KIT OPY RAG
2010-08-19,CRV CZA DEM ELW GRB JAK PCT RIC SHT SLO TOL WAM
2010-08-22,JX SHV SKF TUF
2010-08-22,BIG FRE NAT NOO PRI RID SLI WAB
2010-08-22,BLE MONTY XX
2010-08-22,BLI CZA ELW FRN GRB HRS JAK OCT PCT POO RIC SEV SHT SLO TOL TOQ WAM
2010-08-22,AF CX XX
2010-08-26,BIG BOL CEB FRE MOG RID SLI
2010-08-26,DEB SKYWARRIOR
2010-08-26,BAD-LIKE OLI
2010-08-27,BUD MRS SRY STA
2010-08-27,EDE JX
2010-08-27,AGA BTS DEM ESP GHO GRE IVAR NAP OLA SCM SFK VAG
2010-08-27,BAD GRI LAT VEE
2010-08-28,INI KIY LAN SMO URC
2010-08-28,COM JIM TYP
2010-08-28,STI XX
2010-08-28,DEB SMU TWI
2010-08-28,BNG ELW GRB GRG JAK MAR SEV SKYWARRIOR SLIVER-LIKE STI VBE
2010-08-28,BAD-LIKE CX CX DEMI-LIKE
2010-08-28,TAM XX
2010-08-28,EXF JLT
2010-08-28,GNA MRL
2010-08-28,DAL GRA KOB PUB RDF SKT
2010-08-30,BER CYR
2010-08-30,ANV RAS SPF
2010-08-30,ANV BRT CRV-LIKE RAS SPF XX XX XX
2010-08-30,ALL BRT EVS GAR JOP MCU RMN VOS
2010-09-01,GRA PUB SKT
2010-09-01,ARN BTS NAP NOT-BNG NOT-FAR NOT-SKY NOT-SRY ORI XX XX YEL
2010-09-01,AGA BAG BTS GTO NAP OLA SCM SFK SKW VGA
2010-09-01,XX XX XX XX XX
2010-09-01,ATH CLO CLOWNFIN-CALF GAB PGA POL RGO SHO WHR XX XX XX XX
2010-09-06,GOD MLO
2010-09-06,MYS SUM
2010-09-06,BAK CHL DAG
2010-09-06,AF CX KAL SVD
2010-09-06,AF CX JX JX
2010-09-06,HRS XX XX XX
2010-09-06,CZA TOL
2010-09-06,XX
2010-09-06,IAG OLD PHD XX
2010-09-07,GRB SEV
2010-09-07,MAR MONTY OLD STI
2010-09-08,BUD FUT INI NOE SAU STA XX
2010-09-08,COO KIY LAN PEG SMO URC
2010-09-15,BOL DNG GMP KRO MID NOG PEG PHO-LIKE PON QUA RHO
2010-09-15,BAR BIG RID
2010-09-15,AF CX GAB GHL PGA POL RGO RLL TUK
2010-09-15,BRE KER
2010-09-16,RHO SOG SPC
2010-09-16,DEM LAN MRS REA SRY
2010-09-16,GHL PGA XX
2010-09-16,ALT ARP KEE PED TAS
2010-09-16,JX JX LIC
2010-09-16,CHC FCO JMC REG WHO
2010-09-16,ALT ARP BUI KEE MRY PAB PED SIS TAS
2010-09-16,AMO RLL SHO TUK WHR
2010-09-16,GAB GHL PGA POL RGO XX XX
2010-09-16,BRE KER KWI SOG
2010-09-16,AF AF CX CX EDE LIC
2010-09-16,BIG BLI FRE RID
2010-09-18,COO GMP KIY LAN MRS SMO URC
2010-09-19,BOL CEB DEE MID PEG PON QUA
2010-09-19,CX WNG
2010-09-20,AF AF CX CX REA WOF
2010-09-20,BRE KWI SOG XX
2010-09-20,ANV
2010-09-20,BRE CX IBX KER KWI SOG SPF XX
2010-09-22,BLI CRV MSA OLI SKYWARRIOR
2010-09-22,BLE EDG MONTY OLD PHD SIT STI
2010-09-22,AF CX LUM XX XX
2010-09-22,BNG GRB MOU PCT POO SHT SLO TOL WAM
2010-09-23,GRI LAT MYR OPE PHA PIK TRY VEE WOW
2010-09-24,ALT ARP BGL BUI KEE MRY PAB PED SIS TAS VEC
2010-09-24,JX JX JX JX JX
2010-09-24,JAB
2010-09-24,BRE FNT GAF JUI KWI POF RBB WHO XX XX XX XX
2010-09-25,ELW JAK
2010-09-25,SEQ SUM XX XX XX
2010-09-28,CRV CYA GRI LAT LUM PHO-LIKE RIP SKYWARRIOR TRY WOF WYL XX XX XX XX XX
2010-09-28,BLI CRV CX CYA FRL LUM PHO-LIKE RIP SKYWARRIOR TRY WOF WYL XX XX XX XX XX
2010-10-01,ECS JOY LUG XX XX XX
2010-10-01,ANV FUF RAS SPF
2010-10-07,COO KIY LAN SMO URC
2010-10-07,GRI LAT MOZ MYR VEE WOW
2010-10-07,AF AMO CX DOM FUF GAB JNG MLG MOU RGO RLL TRY TUK XCX XX XX XX XX XX
2010-10-07,AF AF DAN DOM MED MLG MNK MOU RNG SPC TIG
2010-10-07,EGR ELB EVR RSA
2010-10-07,BLE BNN EDG IAG JAF MAR MONTY MSA OLD PHD SIT STI
2010-10-07,BTA HRS IBL OLV PKY SLV-LIKE
2010-10-07,AF AF COM CX DEB GEG HRV JHO JIM PIR SMU TWI TYP
2010-10-07,CZA GMP GRB PCT RIC SEV SHT SKYWARRIOR SLO XX
2010-10-08,COO KIY LAN SMO URC
2010-10-08,DZL FNS MCM VBL
2010-10-08,AF BLO BRA CX GRC JOHNMAYER PLU RSP SWE VIP ZAM
2010-10-08,BRA FRN JOHNMAYER OCT SWE VIP XX ZAM
2010-10-08,DAL GRA LUG PUB
2010-10-08,DNG KRO NOG
2010-10-08,AF BMT CYA DAL DNG GAD GRA HIB KRO LUG NOG PUB RBD RSH XX XX
2010-10-08,AF CX DNG EED FLR JAS KRO MIM NOG PHO
2010-10-08,AF CZA ELW GMP GRB JAK PCT POO RIC SEV SHT SKYWARRIOR SLO TOL VBE
2010-10-08,GRI LAT MOZ VEE
2010-10-08,MYR NOO PIC
2010-10-08,AF BLE CX EDG IAG JAF LUM MAR MONTY MSA OLD PHD SIT STI
2010-10-09,MID NAT PEG PON PRI QUA WAB
2010-10-09,DAL GRA PUB
2010-10-09,AF CX JUI XX XX XX
2010-10-09,AF NIR WAM XX XX XX
2010-10-09,AF BLE BNO CRV IAG JAF OLD STI
2010-10-09,AF CX EGR ELB EVR FIE FUJ GUNNER RSA SUI
2010-10-09,AF AF COM CX DEB GEG HRV JHO JIM PIR SMU TWI TYP
2010-10-09,AF BLO CX GRO JX KOA PLU RSP
2010-10-09,BEE CYAN DAL GRA HIB IND LUG PUB SRY
2010-10-09,DNG KRO NOG
2010-10-09,BIG DEM FRE RID
2011-07-08,KIY PIC SHV URC
2011-07-08,COO REA URC
2011-07-08,NAT PRI WAB
2011-07-09,ASN DOD GGL OPY PHO RAG
2011-07-09,GEK GUM IMP KRO NOG
2011-07-11,ANT PWE WOR
2011-07-11,COM JIM NOO TYP
2011-07-11,JM JX XX XX
2011-07-11,COM CPR HBB HRS JAF JIM NOO OLI STI TYP WHE
2011-07-11,BLI CEB DEE MOG
2011-07-11,BIG FRE GEK GUM NAT OPE PHA PRI RID WAB
2011-07-12,SHV SON SUR
2011-07-12,BRA SAS SWE VIP ZAM
2011-07-12,XX XX XX XX XX XX
2011-07-12,CHL JON JX PWE SEQ
2011-07-12,PEP TAM
2011-07-12,BOM BYP CZA ELW GRB JAK LIB LIF POO RIC SEV SME TOQ WAM
2011-07-12,ANT DEB SMU TWI WOR
2011-07-13,AF CX XX XX XX XX
2011-07-13,XX XX XX XX XX XX XX XX
2011-07-13,PRC PRE PRL XX XX XX XX XX XX
2011-07-13,AF BEY BUT CX KEY LNL MCO ORA PAW PRR PYE XX
2011-07-13,JUI KWI XX XX
2011-07-13,ANV KER RAS SPF
2011-07-13,XX XX XX XX XX XX XX XX XX XX
2011-07-14,BAG BTS CLO DAM NAP SCM SFK
2011-07-14,AF AGA BAG GTO OLA SFK VAG
2011-07-14,FID GRI KRI LAT PIK VEE WOW
2011-07-14,MSH SPN XX XX XX XX
2011-07-14,PHD PIM STI XX
2011-07-14,MOO SPE XX XX
2011-07-14,CZA PCT POO RIC SAS SHT SLO SME TOL
2011-07-16,BLI CEB DEE DEM DNG IMP KRO MOG MOO NOG PAS PON QUA
2011-07-16,BLK CHL JX MYS POS SEQ TUE
2011-07-18,COO REA URC WHN
2011-07-18,ANT CPR CRV CX GEK GMP GUM HBB NET NOO OLI RIP WOR
2011-07-18,HUF TNT
2011-07-18,AF BUD CX MRS SRY XX XX XX
2011-07-18,AF CX ECS JUI KWI LEN XX
2011-07-19,AMO PINCER XX XX XX XX XX XX XX
2011-07-19,AFLEA DUC ESP KHL MSH NOV PCS PNO PZZ
2011-07-19,FRL GRI LAT PIK TUK VEE WOW
2011-07-20,MYS SUM
2011-07-20,APX BMB ZEN
2011-07-20,AF BEN GRAFF-LIKE HOC KOB KSO NOT-KTN
2011-07-20,ASH BAK DAG LIF MRS
2011-07-20,AF COM CX JIM TYP
2011-07-20,BLI CEB DEE DEM DNG FUF IMP KRO MOG MOO NOG PAS PON QUA
2011-07-21,AF JOE JX PNN WLB XX XX XX XX XX
2011-07-21,AF BLK CX CX ELW PEP PSY TAM WAC XX
2011-07-21,AF DAI JAK MZT SCH TUL
2011-07-21,COM DEB JIM SMU TWI TYP
2011-07-21,BMT GUP KOK NYM SRY
2011-07-22,ARP TAS VIK XX XX
2011-07-22,ANV KER RAS SPF XX
2011-07-23,BUD EDE INI SHV SKF TUF WHN
2011-07-23,COO LAN REA SMO URC
2011-07-23,MOR SRY
2011-07-23,BLE GEG HRV PHD PIR SEV SME
2011-07-26,WOF XX ZEP
2011-07-26,BLE BTA MSA PIM PKY SLV-LIKE SUP
2011-07-31,BLK CHL JX MYS PIL
2011-07-31,ASH CHL DAG FRN JX LIF MYS OCT SUM
2011-08-05,AF BIG FID FRE NAT PRI RID WAB
2011-08-06,CEY COO LAN LIC REA SMO URC WHN
2011-08-06,AF BIG FID FRE NAT PRI RID WAB
2011-08-07,AF CX PSY WAC
2011-08-07,BLI CZA ELW GRB JAK PCT RIC SEV SPE
2011-08-07,BEE CJW JUP JX JX
2011-08-07,GNA SLD
2011-08-07,JX XX XX
2011-08-07,AF BLO CX EXF GRC JLT JX
2011-08-08,AGA SFK
2011-08-08,COO FUT HUF KIY LAN NIC NOE PEG PIC REA SHC SMO URC WHN
2011-08-10,CEY COO INI LAN LIC REA SMO URC WHN
2011-08-15,JX
2011-08-16,CEY LIC SHC SKF TUF
2011-08-18,CEB DEE MOG OPE PHA
2011-08-18,ALL BTM CBN CSH CUR GAR LAR LNN MSH MSN SIDVICIOUS WNS ZAN
2011-08-18,COO REA SMO URC WHN
2011-08-18,BUT MIG STA
2011-08-19,XX XX
2011-08-19,AX AX DCH SOG XX
2011-08-19,JX JX
2011-08-19,AFLEA CLA PZZ RBL WAN XX XX
2011-08-19,ALL BTM CBN CSH CUR GAR LAR LNN MSH MSN SIDVICIOUS WNS ZAN
2011-08-19,XX XX XX XX
2011-08-19,ATD KON MET PZZ SRN
2011-08-19,ATH BAD DUC MET PZZ TAW
2011-08-19,AGA BAG BTS GTO NAP OLA RBL SCM SFK VAG WAN
2011-08-20,BUD LAN MRS POO SHT SRY WAM
2011-08-20,CX CX PNN XX XX
2011-08-20,BEC JMBOGART JMDAVIS JMLAWFORD KAI PWI XX
2011-08-20,DZL FNS MCM VBL
2011-08-20,COM FLR GEG HRV JAS JIM LIF PIR TYP
2011-08-20,POS TUE
2011-08-20,XX XX XX
2011-08-20,GRI KRI LAT PIK TUK VEE WOW
2011-08-20,BTS CLO DAM NAP SCM SFK
2011-08-20,BAR
2011-08-23,AF AF CLO COP CX CX DAM GAB GHL IBX RGO SHO WHR XX XX
2011-08-23,AX AX CLA FRL
2011-08-23,AMO GRI KRI LAT PIK TUK VEE WOW
2011-08-23,BSS HUF INI LEN PEG SHV SKF TUF WOF
2011-08-27,GHL XX XX XX
2011-08-27,CLO COP DAM FRL GAB LUM RGO SHO WHR XX
2011-08-27,AX AX AX AX JX JX JX
2011-08-27,AF ALT ANV RAS ROU SPF TRN YOB
2011-08-27,AFLEA ATD MET SRN
2011-08-29,COO REA SMO URC WHN ZIP ZUL
2011-08-29,BMT CYA KOK
2011-08-29,ECS XX XX XX
2011-08-30,BSS EDE FUT HUF INI KIY LEN PEG PIC SHC
2011-08-30,AF BRE CX DCH JUI RHO SOG WHO XX
2011-09-01,BIG EED FLR FRE JAS MIM NAT PRI RID VBE WAB
2011-09-01,BENNET BNN EDD FAU XXBETTONG
2011-09-01,BENNET BLE BTA EDD EDG GUP JAF MRS OLD PKY SRY STI XXBETTONG
2011-09-01,LTH MSA PIM STI
2011-09-01,EDG IAG PHD PRP SIT
2011-09-01,AF AXCLEANER BNB CLV CRM CX MSH UVE
2011-09-03,BAK POS SEQ TUE XX XX
2011-09-03,AFBADLIKE BHO CXBADLIKESCALF HRA PSY TAF WAC
2011-09-03,ENC NYM SAS XX
2011-09-12,KAI PIL PWI PZL TIM
2011-09-12,CHL MYS PEP PSY SAS SUM TAM WAC
2011-09-12,SEQ
2011-09-12,BEC JMBOGART JMDAVIS JMLAWFORD
2011-09-12,BEC BEE CJW JMBOGART JMDAVIS JMLAWFORD XX XX
2011-09-13,BSS CEY COO LAN LEN LIC LIF REA SMO URC WHN
2011-09-13,ZEP ZIP ZUL
2011-09-13,ALT DOM KER LAS MED MNK MUL SPC
2011-09-13,AF AXGUM-LIKE CX JXBOWSPAZ
2011-09-14,AF CX
2011-09-14,FOO XX
2011-09-14,MSA OLD STI
2011-09-14,GLM PFM XX XX
2011-09-14,CPR EED MIM OLI
2011-09-14,GEG HRV PIR WHE
2011-09-14,KIT OPY
2011-09-15,CEB DEE DEM DNG IMP KRO MOG SKF TUF
2011-09-15,AF CX
2011-09-15,ANT FLR JAS WOR
2011-09-15,AMALEUTIN AMBAF AMHRL AMLGN AMLHO AX AX AX AX AX AX AX AX AX AXAGS AXGIN AXSAY AXSOT CXDRTEETHSCALF DRT XX
2011-09-15,EGR FUJ RSA
2011-09-15,AX AX AX XX
2011-09-15,AF AF CX CX KHL XX XX
2011-09-15,AF CX JX JX JX
2011-09-15,AX AX AX AX
2011-09-16,AJA ANT BLI DEB MYR SMU SYL TWI WOR
2011-09-16,BLE BMT CYA EDG GUP JAF MAR MSA OLD PHD PIM SIT STI
2011-09-17,AF GEG HRV PIR
2011-09-17,AX AX DEV JUL
2011-09-17,AF AF CX CX XX XX
2011-09-17,AF AX AX AX AX AXSIDVICIOUS GOV MIS MSH ROB
2011-09-17,ALL AMEVS AMLNN AMRMN AX AX AX BTM CBN CSH FID GAR JOP MSN ROB WNS ZAN
2011-09-19,RBD WRA
2011-09-19,SEV
2011-09-20,INI SHV
2011-09-20,AF AX CPR CX HBB OLI OPE XX
2011-09-21,BYT GGL RIC TOQ
2011-09-21,ANT
2011-09-21,DEB SMU TWI
2011-09-21,BOM BYP COM JIM TYP
2011-09-21,CDB COC HRS
2011-09-21,BLO EXF GRC JLT LNS MZT PLU RSP SCH WOD XX
2011-09-25,ECS KIY PEG RHO SHC
2011-09-25,COK SCA
2011-09-26,AF CX CX EED GEK GUM JX MIM PHO RAA
2011-09-26,AF GOD GRB JAH JNI MLO PCT POO SEV SHT SLO TOL WAM
2011-09-26,CHS JUP XX XX XX XX
2011-09-27,HUF LIP
2011-09-28,HUF LEN PIC SKF TUF
2011-09-28,CLO DAM DOM FUF KER MED MLG MNK SPC TUK
2011-09-29,CPP HOO JX LFG MCO SMN TFN VLT XX XX XXWLV
2011-09-29,AF BWS CX CX EDV HOO KEY LNL PRS PTI SMF SMN XX
2011-09-29,AF AF BEL CX DBO HEN MRC TOU URD
2011-09-29,AX AX KEY MCO
2011-09-29,KON XX XX XX
2011-09-29,BNE GHL JX
2011-09-30,BMT CYA FRL GUP KOK LUM MSA SIT SRY VBE WOF WOR XX XX
2011-09-30,AF CX JMBNO PIM PKY SLV-LIKE
2011-09-30,BLE EDG JAF MAR OLD PHD STI
2011-09-30,AF ELW GRB JAK PHO SEV
2011-09-30,AF CX PCT SHT
2011-09-30,AF AF ARN CAK ORI PRD TRM YEL
2011-09-30,AF CX GEG HRV PIR
2011-10-01,AX FRG
2011-10-01,BEE BERNSTEIN HIB JX JX JX JX LUG PICCINNI ZAPPA
2011-10-01,AX AX CHT FRG PNT POS SUM TUE XX
2011-10-01,JX JX JX JX JX
2011-10-01,AF AMBEN AMBRICK AMHOC AMLOBI AMNIKE AMRED AX AXPETRA CX DUD EDR GFF KOB KSO SEQ SIMMONS WIG XX XX XX
2011-10-02,BIG CEB DEE DNG FRE FRL IMP KRO MOG MSH NAT NOG PRI RID VBE WAB WHE ZIP ZUL
2011-10-02,AF CPR CRV CX CX NET OLI RIP
2011-10-02,FRL NOO PHO-LIKE
2011-10-02,ASN CJW DEM DOD JX OPY RAG
2011-10-02,AM AM AM AM AM AM
2011-10-02,AF AMDUT AMKLD AMMCB AMRNR AMSRV AXJHO BGD BLI CX DEV DKO FRC GOV JUL QID ROB SIDVICIOUS XX XX XX XX XX
2011-10-05,COO LAN REA SKF SMO TUF URC WHN
2011-10-05,BSS JX LEN PEG SHC VBE WOF ZEP
2011-10-05,BLE EDG JAF MSA PHD STI
2011-10-10,BAR BIG FRE PAS PON QUA RHO RID
2011-10-10,AF CRV DEE DJY DNG IMP KRO MOG NAT NOG PRI RAP WAB
2011-10-10,AF AF AFYOKOONO ALL AMEVS AMRMN CSH GAR JOP MSN WNS ZAN
2011-10-10,AX AX BLI FRL GMP JX JX LUM NOO OLI VBE ZIP ZUL
2011-10-13,CRV PAS PON QUA
2011-10-13,DNG IMP NOG WHE
2011-10-15,AJA FUF MYR SYL
2011-10-15,CRV DNG IMP NOG PAS PON QUA WHE
2011-10-15,BTA KOK LTH PRP
2011-10-15,GUP MSA PKY SIT
2012-09-15,PUC SAU
2012-09-15,BLM BSS
2012-09-15,BLM BSS HUF SKF WOF XX ZEP
2012-09-16,ECS JUI LEN STA
2012-09-16,AGA BAG BTS CPR GTO NAP OLA OLI SCM SFK VAG XX
2012-09-16,KRI ZIP ZUL
2012-09-16,AX DOD LAN LIC REA XX ZEP
2012-09-16,JX
2012-09-17,RHO
2012-09-19,KIN NOO
2012-09-19,HAT JNI SCH
2012-09-19,BEE JUP KOA TIM XX XX XX
2012-09-19,BHO CAK CZA ELW JAK KAL MRN RIC SEV SVD TAF TOL TOQ XX
2012-09-20,GAB LEN POL WHN
2012-09-20,BTS ESP NAP SCM
2012-09-20,NIR OLA SFK VAG
2012-09-20,APO BNE KON POU XX
2012-09-20,AX AX AX AX
2012-09-20,XX XX XX XX
2012-09-20,XX XX XX XX XX
2012-09-20,FCN MLM
2012-09-20,ATH OWL PSE TAW
2012-09-20,AX PIK
2012-09-21,COO LEN SMO URC
2012-09-21,BAR BHO BIG COK FRE NAT PAS PON PRI QUA RID SCA TAF WAB
2012-09-21,AJA GRI LAT MYR PIK SYL TUK VEE WOW XX
2012-09-21,BMT CYA
2012-09-21,AX AX
2012-09-21,WOR
2012-09-21,JX
2012-09-21,BAR BIG FRE RID
2012-09-25,GRI KRI LAT PIK TRY VEE WOW
2012-09-25,AF COM CX DEB JIM PEP SMU TAM TWI TYP
2012-09-26,BMT BTA CYA GAD KOK NOG OLV PIM PKY WOR XX
2012-09-30,BLM BSS ECS INI KIY MIG NIC PIC PPR PUC SAU
2012-09-30,BER CYR JX
2012-09-30,DEE IMP MOG
2012-09-30,COK PAS PON QUA SCA
2012-09-30,KIN NOO
2012-09-30,GUP RAA
2012-09-30,BMT BTA CX CYA NUM PKY
2012-09-30,BIG COK FRE FUF NAT PAS PON PRI QUA RID SCA WAB ZIP ZUL
2012-10-01,BIG EDE FRE HUF NAT PRI WAB WOF ZIP
2012-10-01,CEB DEE IMP MOG
2012-10-01,BLE CYA DNG KOK KRO MSA NOG PHO PIM SIT STI XX XX
2012-10-01,OPE TRY WHE
2012-10-01,FRL FTA LUM TDL
2012-10-01,EDG OLI PKY
2012-10-01,CHL HAB PIR
2012-10-01,DAL GRA LUG PUB
2012-10-01,ELW FOO JAK
2012-10-02,BSA JNI KAW SCT TUL
2012-10-02,BLO PLU REC RSH RSP
2012-10-02,AF CX JX
2012-10-06,FUT INI KIY PEG PIC PPR RKT SAU SHC
2012-10-06,AX CYA DEM DOD OPE PHA SKF SLV-LIKE TUF WOF WOR XX
2012-10-06,KRI MOZ PIK WOW
2012-10-06,AMO ATH FUF LIT PSE TRY XX
2012-10-06,MGC STA
2012-10-10,COO LAN PUC SMO SON SUR URC
2012-10-10,LFG LIP MIG RHO
2012-10-12,COK PAS PON QUA SCA
2012-10-13,HOW LFG MGC MOU OPE REA
2012-10-13,AMEVS
2012-10-13,HUF LIC WOF ZEP
2012-10-13,BMT CYA KOK OLD OLV PIM PKY SIT
2012-10-13,BTA GUP IAG JAF MSA SLV-LIKE STI
2012-10-13,IND JAS
2012-10-13,DNG KRO NOG REC RSH
2012-10-14,ASH MRS SRY YAR
2012-10-14,HBB MAL
2012-10-14,LAN URC
2012-10-14,COO ECS INI PUC SAU SHV SMO
2012-10-17,ECS EDE LAN SAU TUF URC
2012-10-17,EDE FUT KIY PIC PPR
2012-10-20,EDE MGC MOU SKF WOF
2012-10-20,BIG FRE NAT PRI RID SON SUR WAB ZIP ZUL
2012-10-20,BYT GGL IMP PON QUA
2012-10-22,BRE BUT FNT KWI PEG PUM RBB REA RKT STA WHR
2012-10-22,AF CX
2012-10-22,RNG
2012-10-22,POL
2012-10-22,AX QNA RNI
2012-10-22,COK GRI KRI LAT PIK SCA TUK VEE WOW
2012-10-22,COO DEM LAN PUC SAU SMO URC
2012-10-26,HOW MRS SRY WHN
2012-10-26,BIG FRE NAT PRI RID WAB ZIP ZUL
2012-10-26,BYT CEB DEE DNG GGL KRO MOG NOG PAS PON QUA REC RSH
2012-10-27,BUD HOW INI LFG LIP MIG SAU STA
2012-10-27,AF DNG IMP KRO NOG PON QUA REC RSH
2012-10-27,BIG FRE NAT PRI RID WAB ZIP ZUL
2012-10-28,COO LAN PUC SAU SMO SON SUR URC
2012-10-29,LAN PUC URC
2012-10-29,COO SMO
2012-10-29,AF BLI BLP BMT BTA CX CYA GUP KOK LEN MRS PIM PKY SLV-LIKE SRY ZUL
2012-10-29,BIG FRE NAT PRI RID WAB ZIP
2012-10-29,AGS GIN LGN LHO SAY SOT XX XX
2012-10-29,ALU BAF EGR FUJ GIN HRL LGN LHO RSA XX XX
2012-10-29,AF AF CX CX XX XX XX XX XX XX XX XX XX XX
2012-10-29,AMMARSDEN FLY WOL
2012-10-29,AF CX
2012-10-29,AF CX WOL XX XX
2012-10-29,AF CX TNT XX XX XX
2012-10-29,CLA CRK PRS WHT XX XX XX XX XX
2012-10-29,AJA COK KRI MYR SCA SYL WOW
2012-10-29,PEG RKT SON SUR
2012-10-31,HBB KIN MAL NOO
2012-10-31,GUP
2012-10-31,BLM BSS CEY ECS
2012-11-01,BUD LIP MIG
2012-11-01,LAN PUC SAU SHV URC
2012-11-01,CLO COK DAM GRI LAT PIK SCA VEE WOW
2012-11-02,LAN PUC URC
2012-11-02,INI LIP SAU SHV
2012-11-02,SKF WOF ZEP
2012-11-02,CZA ELW JAK RIC SME
2012-11-02,CEB DEE DNG IMP KRO MOG NOG PON QUA TUK XX
2012-11-02,PCT POO
2012-11-02,AMBGD FRC REE TXR
2012-11-02,ARN DIL MAC ORI XX XX
2012-11-02,EGR FUJ RSA XX
2012-11-02,GIN LGN LHO XX
2012-11-02,ALU BAF HRL XX
2012-11-02,AFTLC LEFTEYE PRS XX XX XX
2012-11-02,FCN MLM
2012-11-02,AF CX MED MLG MNK
2012-11-02,DAN DOM FUF JBG TIG XXDRT
2012-11-02,AFR AMO ATH BAD DOU OWL PSE SMR TAW WHR
2012-11-02,AF ROU TRN YOB
2012-11-02,BWS CPP PZZ SDG SLK TFN UNV XX
2012-11-02,AJA CLO DAM GRI KRI LAT MYR NAT PIK PRI SCA SYL VEE WAB WOW XX
2012-11-03,LIC ZEP
2012-11-03,GRG NOE
2012-11-05,ANV RAS SPF
2012-11-05,ALT ARP KEE MRY PAB PCO SIS TAS TUN
2012-11-05,BGL KER VIK
2012-11-05,BUD HOW INI STA XX XXWLV
2012-11-09,COO LAN PIC PPR SMO URC ZIP ZUL
2012-11-09,ASN SKF TUF
2012-11-09,BLE BMT CYA GUP JMGELDOLF KOK LEN SRY
2012-11-09,BUD INI LIP MIG NYM SHV
2012-11-09,CEB CPR DEM IMP MOG NAT NIR OLI PAS PON PRI PZZ QUA WAB
2012-11-09,CPR NAT OLI PRI WAB
2012-11-09,AF CX EXF JLT
2012-11-09,KOA PLU RSP
2012-11-09,BLE JAF LEN MSA SIT SRY STI XX
2012-11-13,COO LAN SMO URC ZIP ZUL
2012-11-13,AF CX XX XX XX
2012-11-13,XX XX
2012-11-13,AF AF BEL CX CX DBO GRK HEN MRC PMP TOU TUD URD XX XX XX XX XX XX
2012-11-13,COO DCH LAN SMO SOG URC ZIP ZUL
2012-11-14,BLM BSS COO EDE LAN PIC PPR SMO URC XX XX ZIP ZUL
2012-11-14,BUD EDE FUT HUF INI LIP MRS PIC PPR SHV
2012-11-18,ALT CEB CRV DEE DNG IMP KRO LEN LIC MOG NOG PAS PON QUA
2012-11-18,NAT NET PRI RIP WAB
2012-11-21,GUP IAG OPE
2012-11-21,PIM SIT
2012-11-21,BLE JAF MSA OLD STI
2012-11-21,AF BGD BTM CBN CSH CTY CX EVS LNN MSN RMN WNS ZAN
2012-11-21,AF COO LAN SMO URC ZIP ZUL
2012-11-23,COP HOO LFG MIG PAS PON PRS QUA RYE
2012-11-24,CEY ECS NOE
2012-11-24,BLK BYP DOD PIL RAG WOR XX
2012-11-24,AF CX CX HRA
2012-11-24,CHL HAB
2012-11-24,CEB DEE DNG IMP LEN MOG NOG PAS PON QUA
2012-11-25,SON SUR
2012-11-25,COI DOD KIN NOO SMC WOF ZEP
2012-11-26,CEB DEE DNG IMP LEN MOG NOG PHO
2012-11-26,BUT COO LAN SMO URC ZIP ZUL
2012-11-26,AF DAN TIG YOB
2012-11-26,MED ROU TRN WNG WNG-CALF
2012-11-26,DOM FCN MLG MLM MNG
2012-11-26,AF ANV CX RAS SPF
2012-11-27,CEB IMP MOG NAT PAS PHO PON PRI QUA WAB
2013-07-14,BYT CAK CZA GRB MRN PCT POO RIC SEV SHT SLO SLV-LIKE TAF TOQ WAM
2013-07-15,JX JX JX JX
2013-07-15,ESP TRY TUK
2013-07-15,COI GMP PHO RAA SMC XX XX
2013-07-21,BNG DEM KOK LIB
2013-07-22,DEB JAS PHO TWI
2013-07-23,CZA EED GRB RIC SEV
2013-07-23,BTA HUF NOE SHC STC
2013-07-23,JX LUM TDL TRY
2013-07-23,LDO MICHELANGELO XXDON XXMEN XXRPH
2013-07-24,JX LDO XXDON
2013-07-24,AFR AMO CLO DAM SHO TUK
2013-07-24,JX MICHELANGELO XXMEN
2013-07-25,JX JX JX JX
2013-07-25,AGA BNE BTS DAM GTO POU XX XX
2013-07-28,JX LDO MICHELANGELO XXMEN XXRPH
2013-07-28,BOM BYP JAS RAA RAG
2013-07-29,CCU NUM
2013-07-29,BLM BSS PIC PPR
2013-08-03,ASH DAG MRS SRY
2013-08-03,ATH PSE SKF ZEP ZIP ZUL
2013-08-04,CRV EDD MAR PHD PIM SIT
2013-08-04,DEB SMU TWI
2013-08-04,DEM XX XX XX XX XX XX XX XX
2013-08-04,JX LDO XXMEN
2013-08-04,INI PUC SAU SHV
2013-08-04,ATH DAM EDE PSE
2013-08-05,COO SMO URC
2013-08-11,BUD JUI STA XX
2013-08-14,AJA COK GRI LAT SCA VEE
2013-08-17,FUT HUF LEN LIC SRY
2013-08-17,BUD LIP SHV STA
2013-08-17,CEB DEE IMP MOG PON QUA WHN
2013-08-17,APO ARN CLO CX DAM KON LIT
2013-08-23,DNG
2013-08-23,MGC MOU WOF WZY
2013-08-23,BNN EDD MAR PHD SUP
2013-08-23,BLE BMT BNN CYA EDD GUP JAF KOK MAR MIG MSA OLD OPE PHD PIM SIT STI SUP
2013-08-23,CRV IAG NET RIP SKF
2013-08-23,CLV CRM GRI KRI LAT LIT PIK VEE WOW
2013-08-23,AF AGA BAD BAG BTS FID NAP OLA SCM SFK VAG
2013-08-23,APO CLI CRICK FRANKLIN KON MENDEL POU SRL WATSON XX XX
2013-08-24,BLM BSS MGC MICHELANGELO MOU XXMEN XXRPH
2013-08-24,AM JAC KRO
2013-08-24,AF CZA DEM ELW JAK RIC
2013-08-24,EXF JLT PLU RSP
2013-08-24,CHS TUL XX
2013-08-24,BEC KAI
2013-08-24,DOD GEK GMP HRS JAS NOG PHO WKA YKE
2013-08-24,BLM HUF LIC SKF WOF WZY
2013-08-26,CEB IMP MOG
2013-08-26,CAK DEE DNG KRO LIT MRN PAS PON QUA
2013-08-26,KIY PEG RKT WIY
2013-08-26,BRA SHC STC SWE VIP ZAM
2013-08-26,COI KOK OLV RAG SLV-LIKE SMC
2013-08-28,CYA JAS KRO VBE
2013-08-28,BUD INI MRS PUC SAU
2013-08-28,BLE BNN GDM IAG MAR MIG MSA OLD PHD PIM SIT STI SUP XX XX XX
2013-08-29,COO SMO SON SUR URC
2013-08-29,BMT
2013-08-29,GEK GMP LIC PHO SKF
2013-08-29,AF CEB DEE DNG IMP LIT MOG NOG PAS PON QUA
2013-08-29,AF CEB CPR DEE DNG IMP LIT MOG NOG OLI PAS PON QUA
2013-08-30,AF BLI EED ELW JAK NET PCT RIC RIP SEV SHT SLO SME TOL TOQ
2013-09-01,LIT PAS PON QUA
2013-09-01,COP CPR DUC ERL JX OLI SRA TRY UVE
2013-09-01,ARN CLV CRM SPN
2013-09-01,DKO MCB MUT ORI PRD SRV TRM XX YEL
2013-09-01,JAK
2013-09-01,GOJ JAS JNI REC RSH SCT TRT
2013-09-01,CEB DEE MOG
2013-09-02,COO LAN SMO URC
2013-09-02,AFR AMO DOU JX OWL TAW
2013-09-02,LDO MICHELANGELO XXDON XXMEN XXRPH
2013-09-02,AX BLE BMT BNN BTA CRV CYA GRB GUP MIG MSA OLD OLV PIM PKY POO SEV SIT SLV-LIKE
2013-09-02,EDE HUF IND LAZ LIC PHO SKF
2013-09-02,BUD GRA JMLAWFORD KAI LIP NYM PWI RDF SHV
2013-09-02,KIY PEG RKT SUR WIY
2013-09-02,EDE EED HBB HUF LIC NAT NOO PHO SKF WAB
2013-09-03,AX AX AX LON
2013-09-03,DCH SOG
2013-09-03,SPC
2013-09-03,PUM STA
2013-09-06,JX JX JX JX JX
2013-09-06,AJA MYR SYL
2013-09-09,LUG NYM SRY
2013-09-09,XX XX XX XX
2013-09-09,COP LDO MICHELANGELO XXMEN
2013-09-09,CBN COP GHL GRI LAT LDO MICHELANGELO MOZ PFM SUP UVE VEE XXMEN XXRPH
2013-09-09,BLI CRV NAT NIR WAB
2013-09-09,AJA COK KRI MYR SCA WOW
2013-09-10,INI PUC SAU SHC SHV SRY STC WHN YAR
2013-09-10,AF BLM BSS BUD CRV CX DOD ECS HUF LEN LIC LIP MGC MOU NIR SKF STA YKE ZEP ZIP ZUL
2013-09-10,CPR LIT NAT OLI PAS PON QUA WAB
2013-09-12,JAF NET RIP STI
2013-09-12,ANV DJY GHL HOO PGA RAS SPF
2013-09-13,BUD INI MRS PUC SAU SRY YAR
2013-09-13,AF AF CX CX
2013-09-16,BLI DEE IMP MOG NET RIP XX
2013-09-16,BMT CYA
2013-09-16,BLE IAG MAR MSA PHD PIM SIT STI SUP
2013-09-16,CPP PMN SDG SLK TFN TTR UNV WHN WHT
2013-09-16,BMT BTA CYA GAD GUP KOK OLV PKY RAG
2013-09-19,BLE BNR COP CPP GHL MSA PMN SIT SLK STV TFN TTR
2013-09-20,BLI CEB IMP MOG
2013-09-20,AF AGA BAG BTS FUF GTO JUI NAP OLA SCM SFK VAG
2013-09-21,KOK MIG OLV PIM
2013-09-21,BNG CZA EED ELW JAK RIC
2013-09-21,PCT REC RSH SHT SLO
2013-09-21,ASN KOK MIG MOO OLV PIM
2013-09-21,ATH PSE
2013-09-21,LDO MICHELANGELO XXMEN XXRPH
2013-09-21,LAS WBN
2013-09-21,KHL PNC PNC-CALF
2013-09-21,COK GRI LAT SCA VEE
2013-09-21,AJA MYR
2013-09-25,FUT
2013-09-25,MGC MOU PEG RKT
2013-09-29,AFR AMO ATH OWL PSE TAW
2013-09-30,BMT BUD CYA GRI GUP INI LIP PIK SHV WOW XXRIS XXWLV
2013-10-01,COO DOU GHL LIP SMO
2013-10-01,BTS DOU GHL LIP NAP SCM
2013-10-02,LAN URC WHN
2013-10-02,DBI ROU TRN YOB
2013-10-02,ANV LON RAS SPF
2013-10-02,AFR AMO CLO COP DAM DOU GHL OWL PIM RGO TAW XXRIS XXWLV
2013-10-03,ANV LON RAS SPF
2013-10-03,CEY EDE GGL HUF
2013-10-03,AF DEE DNG IMP NAT NOG PAS PON QUA VBE WAB
2013-10-03,BIG BLI DEE DNG FRE IMP NOG PAS PON QUA RID
2013-10-03,AF BIG BLI CEB DEE DNG FRE IMP INI LIP MOG NAT NOG NYM PAS PON QUA RID SHV VBE WAB
2013-10-03,ASH DAG HBB MRS SRY
2013-10-03,CEY EDE GGL HUF LEN LIC NOE NOO TUF ZEP ZIP ZUL
2013-10-04,COO FUT LAN PIC PPR SMO URC WHN
2013-10-04,ZEP ZIP ZUL
2013-10-07,COO PIC SMO
2013-10-07,LEN LIC NIR SKF XX ZIP
2013-10-07,BIG RID
2013-10-07,AF AF CCU CZA ELW GRB HOW JAK NUM POO RIC SEV SME TOL TOQ TWO-DINGS
2013-10-07,BMT CYA LIC SKF
2013-10-07,BIG DOD FRE RID SHOCK-TOP YKE ZIP
2013-10-08,SRY YAR
2013-10-08,NAT SUP WAB
2013-10-09,FOO JKF JUM
2013-10-09,DEM LEN WOR ZEP ZIP ZUL
2013-10-13,LAN PIC SMO SON SUR URC
2013-10-14,AJA CLO DAM ESP FUF SHO TLN TUK
2013-10-14,CX FKY TMN
2013-10-14,XX XX
2013-10-14,DCH KLE PAB SIS SOG
2013-10-17,INI SHC SHV STC
2013-10-19,COO LAN PIC PPR SMO SON SUR URC
2013-10-19,NAT PAS PON QUA RID WAB WHN
2013-10-22,COO LAN PIC PPR SMO URC
2013-10-22,CPR DEE IMP MOG NOO OLI
2013-10-22,AM BLI MIG MSA OLD PRP
2013-10-22,PAS PON QUA WHN
2013-10-23,COO LAN PIC PPR SMO URC
2013-10-23,BLI LEN LIC SKF ZEP
2013-10-23,DNG NOG
2013-10-23,MRS SRY YAR
2013-10-24,ATH DOU ECS JX PSE RGO
2013-10-24,BYT EED
2013-10-24,GEK GGL KRO
2013-10-24,PON QUA WHN
2013-10-27,AF PAS PON QUA
2013-10-28,DOU ECS GHL
2013-10-28,HOO NIR RLF VLT XXRIS XXWLV
2013-10-28,ALL COK CSH GAR JOP MSN RMN SCA SLI
2013-10-28,ALL COK GAR JOP KRI MYR PIK SCA VEE WOW
2013-10-28,BLI COI CPR DEE IMP LEN OLI SKF SMC ZEP
2013-10-29,CEY LIP SHV
2013-10-29,NOG NOO
2013-10-29,DEE DNG FUT HBB LEN NAT SKF WAB WOF WZY ZEP ZIP
2013-10-30,BIG CEB DEE FRE MOG MRS PIC PPR RID SRY
2013-10-30,BIG FRE GUM NOO RID
2013-10-31,PAS PON QUA
2013-11-01,INI LIP NYM PUC SAU SHV SON SRY SUR
2013-11-01,KEY LNL MCO
2013-11-01,AX FNT KEY LNL MCO REA
2013-11-01,ARP AX ESC FNT KEE MRY PAB SIS TAS
2013-11-03,BLI CPR DEM EDG MAR OLI PHD STI
2013-11-04,CEB DEE DNG HOW IMP MOG NOG PAS PIC PON PPC QUA SON SUR
2013-11-05,BLM BUD EDE PEG PUM RKT SHC STA STC
2013-11-05,JX JX WOF WZY
2013-11-05,XX XX XXRIS XXWLV
2013-11-05,ALT ATW AX ELB NOT-OME PRS WHT XX
2013-11-05,BAD-LIKE JX JX JX
2013-11-05,JX JX JX JX
2013-11-05,AF AF CHW DBO DIM HES TOU URD
2013-11-05,AX GRK TUD XX
2013-11-05,JUI KEE PAB TAS
2013-11-08,ARP MRS PCO SIS TUN
2013-11-08,ALT ATW NIR PRS RLF WHT XX
2013-11-08,DOM MLG MNK
2013-11-08,AF ANV CLV CRM CX KER RAS ROU SPC SPF TRN YOB
2013-11-08,AMP BNR RKS STV
2013-11-08,LAN SMO
2013-11-08,CEB DEE DNG IMP MOG NOG PAS PIC PON PPR QUA SON SUR
2013-11-09,BIG FRE HOW KRI MOZ MYR PIK RID WOW
2013-11-09,HOW KRI MYR PIK WOW
2013-11-09,BIG FRE LUG MRS RID SYR TNT
2013-11-10,CEB DEE DNG IMP MOG NOG OWL PAS PIC PON PPR QUA SON SUR TAW
2013-11-10,AX BBN DOD SPE YKE
2013-11-10,AF AX AX AX CX MOZ NAT WAB XX
2013-11-10,GRI LAT VEE
2013-11-11,ECS MGC SAU
2013-11-11,BLM BSS JKF JUM MOU
2013-11-11,NIR RLF
2013-11-11,EDE INI KIY MRS MSE NOE SAU SHV SRY STC WIY
2013-11-14,COO DCH LAN SHC SHV SMO SOG STC URC
2013-11-14,BUD ECS INI LIP NYM STA
2013-11-15,RID
2013-11-16,ZIP
2013-11-16,MAR PHD STI WHN
2013-11-16,BLI BMT BNN BTA COI CRV CYA FRL GUP KOK KRO MIG PHA PKY RAA SLV-LIKE SMC ZMB
2013-11-16,BSS NAT WAB WOF WZY
2013-11-17,DEU DUR
2013-11-17,HLA SHO
2013-11-17,DOU HLA MGC MOU PSE SHO
2013-11-17,MSE NIC XXRIS XXWLV
2013-11-18,ELW JAK
2013-11-18,SME TOL
2013-11-18,DNG IMP NOG SON SUR
2013-11-18,CEB DEE GUP HBB MOG
2013-11-19,KIY PEG RKT WIY
2013-11-19,ASH ASN CCU DAG MRS NUM SRY
2013-11-19,HES HRA
2013-11-19,BLK BMB HNT ITG MYS PSY TAM TOS WAC
2013-11-19,ASH CCU DAG MRS NUM SRY
2013-11-19,CPR OLI
2013-11-19,BTA PKY SLV-LIKE
2013-11-19,BIG FRE RID
2013-11-20,ELW JAK
2013-11-20,CEB DEE HBB MOG
2013-11-21,DIA FUT GAB KIY LCO NOE PEG RHO RKT WIY
2013-11-22,XX XX XX
2013-11-23,BIG FRE FUF NAT RID WAB
2013-11-23,AMP ECS EDE RKS SKF
2013-11-23,BLM BSS DIA FUT KIY PEG RHO RKT WIY
2013-11-23,FUT INI KIY LIP MSE NIC PUC SAU SHV WIY
2013-11-24,AGA BAG BRE BTS GTO NAP OLA SCM SFK TMB VAG XX
2013-11-28,BLM BSS ECS PEG RKT SHC STC
2013-11-28,BUD DEM DOD INI LIP YKE
2013-11-28,FUT GGL HBB NOO SHV STA TUF
2013-11-28,ASN EDE LIC SKF WOF WZY ZEP
2013-11-28,CEB COO DEE JUI MOG PAS PHO PON QUA SMO URC ZIP
2013-11-28,BLI BMT BTA CYA GMP GUP OLV PHA XX ZMB
2013-11-28,CEB DEE IMP MOG PAS PHO PON QUA ZIP
2013-11-29,BBN BLI BMY CYA GMP KOK MIG PHA PKY RAG SLV-LIKE SPE ZMB
2013-11-29,HUF LIC SKF WOF WZY ZEP
2013-11-29,GGL GUP INI LIP SHV
2013-11-29,COO JUI SMO URC
2013-11-30,EXR POL
2013-11-30,BUT FNT KYD LAN PUM RBB REA
2013-11-30,AFR AMO BAD DAM EXR POL
2013-12-01,ASN EDE LAN NOE REA
2013-12-01,CEB COO DEE IMP JUI MOG PAS PHO PON QUA SMO URC ZIP
2014-06-25,CEB COO DEE INI MOG PAS PON QUA SMO URC WHO WIP
2014-06-25,BLM BSS CX DIA PEG RHO RKT SKF WOF ZEP ZIP
2014-06-25,BUT JUI SOT XX
2014-06-25,MEN XX XX
2014-06-25,EDV HOO
2014-06-25,CX DJY FKY NIR RLF TMN VLT XX XX XX
2014-06-25,AJA
2014-06-25,APO BNE CLI DOU GHL PGA POU RGO
2014-06-25,AFR AMO CX JX TAW WHR
2014-07-03,DCH PCO REA SOG TUN
2014-07-03,APR FRL FTA PGA RPH XX
2014-07-03,DCH PCO SOG TUN
2014-07-03,CLV
2014-07-03,BUT DIA JUI PEG RHO RKT SKF SOT WHO WIP
2014-07-03,HDS
2014-07-03,EED GEK OPY RAG TRP WOR
2014-07-03,CNS CTY
2014-07-04,WIY
2014-07-04,BIG CEB CLO DEE MOG OWL PAS PON QUA TAW
2014-07-04,BNG GUM MGC MOU
2014-07-04,CLK CSP DEM JOB MRO POE PTT
2014-07-04,DOD OPY YKE
2014-07-04,CPR OLI SMU
2014-07-04,AF CX NET OPE XX
2014-07-04,PHD
2014-07-04,NET OPE RIP XX XX XX
2014-07-04,AF BYT CX GRB PCT POO RIC SEV SHT SLO SME TOQ WAM
2014-07-04,KIY NOE PIC PPR PUC SAU WIY
2014-07-04,CEB CLO COO DEE IMP KYD LEN MOB PAS PON QUA SMO URC
2014-07-05,BUD DAM FUF INI LIP SAU STA
2014-07-05,BLE BLI BNN CRV CYA EDD FAU GDM JAF MAR PHD RCO STI
2014-07-05,BUD INI LIP NOE SHV STA
2014-07-13,XX
2014-07-13,HYR VLT
2014-07-13,SUP
2014-07-14,LIC SGL
2014-07-14,AMP RIS RKS TNT
2014-07-14,CEB CLO COO DEE IMP KYD MOG PAS PON QUA SMO URC
2014-07-15,NOO
2014-07-15,COP
2014-07-15,CLA
2014-07-15,AFR AMO
2014-07-15,SRA UVE
2014-07-15,BER BNE FIB GHL JX
2014-07-15,WOW
2014-07-15,LUM PHA TDL ZMB
2014-07-18,CPR OLI
2014-07-18,KIT MDF OTS
2014-07-18,HRV
2014-07-18,AX GEG JIM
2014-07-19,XX
2014-07-19,MNV
2014-07-19,HOO JX PBL TOG
2014-07-19,ARP KEE VIK YGR
2014-07-19,ANV FEY KER PAB RAS SIS SPF TAS
2014-07-19,GAO JX JX JX JX JX LNL MCO PUM RYE SMN SPG TMB
2014-07-19,LON
2014-07-19,CX FCN
2014-07-21,XX
2014-07-21,TRY
2014-07-24,CKL RBN
2014-07-24,KIT OTS
2014-07-24,CYA FFR HRS JX LTH MDF WKA
2014-07-24,CPR CZA OLI RIC
2014-07-24,RIS WLV
2014-07-25,XX
2014-07-25,OTS
2014-08-01,DNG
2014-08-03,BUD INI LIP STA
2014-08-03,MOG PIC PON PPR QUA
2014-08-03,CEB COO DEE DNG IMP KYD MOG PAS PIC PON PPR QUA SMO URC
2014-08-03,DNG MOG PAS PIC PON PPR
2014-08-03,LIP MRS SRY
2014-08-04,BIG
2014-08-04,BMT BNN CYA DEM EDG GRV IAG LAN LTH PIM RAG RGS SIT STI
2014-08-05,BLM BSS SKF TUF WOF WZY
2014-08-05,BIG CPR OLI RID
2014-08-05,CEB CPU DEE IMP TRB
2014-08-05,CPR OLI
2014-08-05,XX
2014-08-06,KIT OTS
2014-08-06,GUP
2014-08-06,JON PAY SCH TCH WON XX XX
2014-08-06,CZA ELW JAK LNS RIC
2014-08-07,AM CLO DAM NCO RIS
2014-08-07,AF CX
2014-08-07,BRT EVN
2014-08-07,AF AM AM AM
2014-08-07,AF AM AM AM CX
2014-08-07,EIF PRS VLT XX XX
2014-08-07,FEY GAO TNA XX
2014-08-07,ANV RAS SPF
2014-08-07,NAT
2014-08-08,LUG
2014-08-08,RAG
2014-08-08,GDM SIA
2014-08-09,MSE NIC
2014-08-09,BLM BSS MGC MOU
2014-08-09,XX
2014-08-09,AFR AMO
2014-08-09,BER JX
2014-08-09,BTS GTO NAP NIR SCM SFK VAG
2014-08-09,AJA
2014-08-09,CPU TRB
2014-08-09,GUM GUP
2014-08-10,BIG ECS FRE INI LEN LIC LIP PAS PON PUC QUA RID SAU SGL
2014-08-10,IRU SAT
2014-08-10,RLF
2014-08-10,AF CX
2014-08-11,PAS PON QUA
2014-08-11,ECS EDE HUF TUF
2014-08-11,NAT WAB
2014-08-11,BER CYR
2014-08-11,PIM SIT SUP
2014-08-11,CPR OLI
2014-08-11,PHA ZMB
2014-08-11,NET RIP
2014-08-11,EED GEK
2014-08-11,LAN LUG MRS SRY
2014-08-11,GRB SME TOQ
2014-08-11,BLI CEB COO DEE IMP MOG NIR PAS PON QUA SMO URC
2014-08-12,BIG BLI COO EDE RID SMO URC
2014-08-12,BLM BSS MGC WOF WZY
2014-08-12,JX OTS
2014-08-12,BBN SPE
2014-08-12,CZA RIC
2014-08-12,PLU RSP
2014-08-12,BLO JLT
2014-08-12,GRC
2014-08-12,XX
2014-08-14,NIR PON QUA
2014-08-14,CEB DEE IMP PUC
2014-08-14,EDE LEN SKF
2014-08-14,CEB DEE DNG IMP MOG NIR PON PUC QUA SAU
2014-08-14,ASN
2014-08-14,FIB
2014-08-14,CLA LNK
2014-08-14,PCS RUZ
2014-08-15,FIB
2014-08-15,AX
2014-08-15,CRV MIG SIT
2014-08-16,NAT WAB
2014-08-16,CEB DEE IMP PUC
2014-08-16,HUF MOG NAT PAS PON QUA WAB
2014-08-16,BLM
2014-08-16,ECS
2014-08-16,BLM BSS SKF
2014-08-16,AX AX
2014-08-16,XX
2014-08-16,AX COI SMC
2014-08-16,PAS
2014-08-16,DOD YKE
2014-08-16,BYT OPY
2014-08-19,SRA UVE
2014-08-19,CLV CRM
2014-08-19,GRI
2014-08-19,GEP PNO TLN
2014-08-19,AX AX
2014-08-19,WOR
2014-08-22,INI MRS PIC PPR SAU SRY
2014-08-22,BIG COO FRE PUC RID SMO URC
2014-08-23,WOW
2014-08-23,MYR
2014-08-23,KRI
2014-08-23,HLA SHO
2014-08-23,BTS COK SCA SCM SFK
2014-08-23,AGA BAG OLA POL
2014-08-23,BEY
2014-08-23,PAW
2014-08-23,DBO GRK MNY TOU URD
2014-08-24,DBO SMN
2014-08-24,JX
2014-08-24,AF PRN WJR
2014-08-24,XX
2014-08-24,AF CX
2014-08-24,BEL HEN XX
2014-08-24,AM AM AM AM AM AM AM AM
2014-08-24,DBO TOU URD
2014-08-24,XX XX
2014-08-24,XX XX XX XX XX XX
2014-08-25,LAN MRS PIC PPR
2014-08-25,FRL FTA
2014-08-25,BGD HOU
2014-08-25,AX AX AX AX
2014-08-25,BER NET OPE RIP SUP
2014-08-25,AX
2014-08-28,ANV FUF RAS SPF
2014-08-28,GHL HOW PGA RGO
2014-08-28,AJA CPU MGC MOU TRB
2014-08-28,DAN JKF JUM
2014-08-28,TIG
2014-08-28,DAN
2014-08-28,YOB
2014-08-28,HOW HYR MGC MOU TNT
2014-08-28,DEM MED ROU TRN
2014-08-28,KIY PIC PPR WIY
2014-08-28,COO PUC SAU
2014-08-28,MRS SMO SRY
2014-08-30,DAG LUC MRS PUC SRY
2014-09-02,MSE SMO
2014-09-02,EDE
2014-09-02,WOF WZY
2014-09-03,HOW MGC OWL
2014-09-03,IBX OKP
2014-09-03,DIA PUM RHO
2014-09-03,DAN TIG
2014-09-04,EDE FUT KIY LIP MRS PIC PPR PUC SAU SHC SHV SUR
2014-09-04,BLM BSS ECS
2014-09-05,DIA RHO
2014-09-05,WOF WZY
2014-09-05,LIC
2014-09-05,COO NIR SMO URC
2014-09-05,BIG BLI CEB CRV EED FRE IMP MOG PAS QUA RID
2014-09-05,WZY
2014-09-05,BUD NOE
2014-09-08,KIY LIC MRS SHC STC WIY
2014-09-09,EED NAT WAB
2014-09-09,BLE OLV PWE SMS
2014-09-09,RAA
2014-09-09,AJA
2014-09-09,AJA GRI KRI MYR PIK VEE WOW
2014-09-09,AGA AJA BAG BTS GRI GTO KRI MYR NAP OLA PCO PIK POL SCM SFK TUN VAG VEE WNG WOW
2014-09-09,SHC STC
2014-09-09,BNR CPP PMN STV TFN
2014-09-09,BUD LIP SHV SRY
2014-09-09,EDE FUT NOE SKF
2014-09-10,BLI CEB DNG MOG
2014-09-10,COO EED NIR PAS PON QUA SMO URC
2014-09-10,FRE
2014-09-10,KIY MRS MSE NIC PIC PPR PUC SAU WIY
2014-09-11,BLI CEB COO DNG MOG NIR SMO URC
2014-09-11,BLI CEB DIA DNG MOG RHO
2014-09-11,WOF WZY
2014-09-13,PEG RKT
2014-09-13,WHO WIP
2014-09-16,PPR STC
2014-09-16,QUA
2014-09-16,BIG EED FRE RID
2014-09-17,AFR AMO TIL TUK
2014-09-18,XX
2014-09-18,AFR AMO ATH CLO DAM HLA OWL PSE SHO TAW TIL TRY TUK
2014-09-18,ECS HUF LIP PUM STA
2014-09-19,MRS MSE NIC PIC PUC SAU SHC SRY STC
2014-09-19,MYR
2014-09-19,MGC MOU
2014-09-19,BIG
2014-09-20,KRI WOW
2014-09-20,MGC MOU
2014-09-23,EDE KIY PIC PPR WIY
2014-09-23,MOG PON QUA SKF
2014-09-24,DIA RHO
2014-09-24,COO LAN NIR REA SMO URC
2014-09-24,EED GEK GUM NOE
2014-09-24,CEB DEE IMP MOG PON QUA SKF
2014-09-24,ITG MYS
2014-09-25,NAT
2014-09-25,BIG
2014-09-25,COO NIR SMO URC
2014-09-25,CEB DEE DNG IMP MOG PAS PON QUA SKF
2014-09-25,EED GEK LIC NAT SGL WAB
2014-09-26,AX LAN REA
2014-09-27,BLM BSS ECS PPR PUC SAU SHV
2014-09-27,LAN PIC REA
2014-09-28,DAG MSE PIC PPR SAU SHV STC
2014-09-28,BLM BSS
2014-09-28,ALT ATW ELB HOO MGR PTI RLF SMN TNT WHT XX
2014-09-28,AX AX AX AX AX HME MET SRN TMB
2014-09-28,AF CX
2014-09-28,VSN
2014-09-28,CLA LNK
2014-09-28,ANV DAN HBK MED PZO RAS SPF TAW
2014-10-01,EDE
2014-10-02,COO LAN NIR SMO SRY URC
2014-10-02,KIY
2014-10-04,INI PIC PPR
2014-10-04,SON
2014-10-04,SRA UVE
2014-10-04,CUR TWL
2014-10-04,GRV
2014-10-07,PIC PPR
2014-10-07,BUD CEY ECS INI SHV STA
2014-10-07,PAS PON QUA
2014-10-08,HDS LAN PIC PPR PUC SAU SHC STC
2014-10-09,DEM LAN
2014-10-09,ATW BYW
2014-10-09,MSE NIC
2014-10-14,INI PUC SAU SHV
2014-10-14,ECS LIP OWL SRY TAW
2014-10-14,LEN WAS WHT
2014-10-14,AJA GHO TRY
2014-10-15,ECS MGC OWL
2014-10-15,MOU TAW
2014-10-15,BIG
2014-10-15,ECS LIP MGC OWL
2014-10-15,EED VBE
2014-10-15,GUM HIB LUG MRS SRY
2014-10-16,CEB DEE HOW IMP NIR PON QUA
2014-10-16,PIK
2014-10-16,MYR
2014-10-16,KRI
2014-10-17,MGC MOU
2014-10-17,AMP HOO IRU RKS SMN VLT WLV
2014-10-17,PAB PTI
2014-10-17,AJA
2014-10-17,BLI EED GEK HUF LEN PHO SKF SON VBE WOF WZY ZEP ZIP
2014-10-17,ASH BYT DAG LUG MRS SRY
2014-10-17,BLK CEY GGL ITG KIY MYS NOE PSY TOS WAC WIY
2014-10-17,CZA ELW GRB IND JAK LAZ RIC SEV SLO SME TOQ WAM
2014-10-17,BUD PPR SAU
2014-10-20,CEB DEE HOW IMP LAN SMO SOG URC
2014-10-20,COO PIC PPR REA
2014-10-20,NIR PAS PON QUA
2014-10-21,COO LAN PIC PPR REA SMO SOG URC
2014-10-21,PEG RKT
2014-10-21,BLM BSS LEN MGC MOU
2014-10-21,DNG
2014-10-21,DEU DUR
2014-10-22,ECS EDE FUT INI SAU SHV
2014-10-22,CEB COO DEE HOW IMP LAN NIR PAS PIC PON PPR QUA REA SMO SOG URC
2014-10-22,GRI KRI MYR POL VEE WOW
2014-10-22,ECS EDE FUT INI PUC SAU SHV
2014-10-23,PUC SAU SHC STC SUR
2014-10-23,BIG FRE RID VBE
2014-10-23,CEY GEK GGL NOE
2014-10-23,BTA GUP KOK MSA NET OLD OLV
2014-10-24,COO LAN PIC PPR SMO SOG URC
2014-10-24,NIR PAS PON QUA
2014-10-24,BLE BTA GUP INI PIM SHV SIT
2014-10-24,AMP HOO RKS
2014-10-24,ALL COK CSH GAR JOP MSN RMN SCA
2014-10-24,WAB
2014-10-25,COO LAN PIC PPR SMO SOG URC
2014-10-25,DEE IMP MOG
2014-10-25,CEY GGL GUP LIP
2014-10-25,FUT INI PUC REA SAU SHV SUR
2014-10-28,CEB IMP NIR PAS PON QUA
2014-10-30,KRI
2014-11-01,BUD ECS FUT INI MGC MOU SHV
2014-11-01,DOM MLG MNK OWL POL ROU TAW TRN YOB
2014-11-01,JKF JUM
2014-11-01,EDE HUF MSE PUC SAU
2014-11-02,LAN PIC PPR
2014-11-02,ATH GRI MYR PIK PSE VEE WHL WOW
2014-11-02,MOZ
2014-11-05,ECS INI LIP
2014-11-06,BLM BSS CEB IMP
2014-11-07,EDD PHD TAL
2014-11-07,ASN
2014-11-07,CYR
2014-11-08,BUD
2014-11-08,HBK PZO
2014-11-08,GRI KRI MYR PIK TRY VEE WHL WOW
2014-11-08,BLM BSS HUF
2014-11-09,PRP SUP
2014-11-09,GRI TRY VEE WOW
2014-11-09,COK ROU SCA
2014-11-09,AF ALU HRL
2014-11-09,AF CX
2014-11-09,RIS SDG
2014-11-09,TRN
2014-11-10,HUF
2014-11-10,ECS INI LIP MSE NIC SHV
2014-11-11,HLA SHO
2014-11-11,ALT DAM EDN
2014-11-11,AMP NOE RKS WAS WHT
